sourceUrl,destinationName
https://ik.imagekit.io/katakode/tahilalats/kecoak01.jpg?tr=w-300,kecoak1.jpg
https://ik.imagekit.io/katakode/tahilalats/kecoak02.jpg?tr=w-300,kecoak2.jpg
https://ik.imagekit.io/katakode/tahilalats/kecoak03.jpg?tr=w-300,kecoak3.jpg
https://ik.imagekit.io/katakode/tahilalats/kecoak04.jpg?tr=w-300,kecoak4.jpg
https://ik.imagekit.io/katakode/tahilalats/kecoak05.jpg?tr=w-300,kecoak5.jpg
https://ik.imagekit.io/katakode/tahilalats/kecoak06.jpg?tr=w-300,kecoak6.jpg
https://ik.imagekit.io/katakode/tahilalats/kecoak07.jpg?tr=w-300,kecoak7.jpg
https://ik.imagekit.io/katakode/tahilalats/kecoak08.jpg?tr=w-300,kecoak8.jpg
https://ik.imagekit.io/katakode/tahilalats/kecoak09.jpg?tr=w-300,kecoak9.jpg
https://ik.imagekit.io/katakode/tahilalats/kecoak10.jpg?tr=w-300,kecoak10.jpg
